{
    "info": {
        "_postman_id": "cd70a820-93a2-4f14-8eac-c7fe1aa84a0c",
        "name": "TradePOC",
        "schema": "https://schema.getpostman.com/json/collection/v2.1.0/collection.json"
    },
    "item": [
        {
            "name": "AppleConfigAndActivationDetails",
            "protocolProfileBehavior": {
                "disableBodyPruning": true,
                "disabledSystemHeaders": {}
            },
            "request": {
                "auth": {
                    "type": "basic",
                    "basic": [
                        {
                            "key": "password",
                            "value": "Epsu$Er",
                            "type": "string"
                        },
                        {
                            "key": "username",
                            "value": "epsuser",
                            "type": "string"
                        }
                    ]
                },
                "method": "GET",
                "header": [
                    {
                        "key": "Authorization",
                        "value": "Basic TmV0d29yazo1R1JvdXRlcg==",
                        "type": "text",
                        "disabled": true
                    },
                    {
                        "key": "Content-Type",
                        "name": "Content-Type",
                        "value": "application/json",
                        "type": "text",
                        "disabled": true
                    }
                ],
                "body": {
                    "mode": "raw",
                    "raw": "{\"imei\":\"359477081880533\"}",
                    "options": {
                        "raw": {
                            "language": "json"
                        }
                    }
                },
                "url": {
                    "raw": "https://rdd-qa-east1.ebiz.verizon.com/was/api/trade/ios/fetchIphoneConfig",
                    "protocol": "https",
                    "host": [
                        "rdd-qa-east1",
                        "ebiz",
                        "verizon",
                        "com"
                    ],
                    "path": [
                        "was",
                        "api",
                        "trade",
                        "ios",
                        "fetchIphoneConfig"
                    ]
                }
            },
            "response": []
        },
        {
            "name": "samsung",
            "request": {
                "auth": {
                    "type": "basic",
                    "basic": [
                        {
                            "key": "password",
                            "value": "5GRouter",
                            "type": "string"
                        },
                        {
                            "key": "username",
                            "value": "Network",
                            "type": "string"
                        }
                    ]
                },
                "method": "POST",
                "header": [
                    {
                        "key": "Content-Type",
                        "name": "Content-Type",
                        "type": "text",
                        "value": "application/json"
                    }
                ],
                "body": {
                    "mode": "raw",
                    "raw": "{\"imei\":\"351558960136713\"}"
                },
                "url": {
                    "raw": "https://rdd-qa-east1.ebiz.verizon.com/was/api/oem/fetchDeviceConfig",
                    "protocol": "https",
                    "host": [
                        "rdd-qa-east1",
                        "ebiz",
                        "verizon",
                        "com"
                    ],
                    "path": [
                        "was",
                        "api",
                        "oem",
                        "fetchDeviceConfig"
                    ]
                }
            },
            "response": []
        }
    ]
}